{"stats":{"minecraft:mined":{"minecraft:grass":14,"minecraft:grass_block":1,"minecraft:dirt":2},"minecraft:used":{"minecraft:dirt":3},"minecraft:picked_up":{"minecraft:dirt":3},"minecraft:custom":{"minecraft:jump":80,"minecraft:time_since_rest":1662,"minecraft:leave_game":1,"minecraft:crouch_one_cm":610,"minecraft:sprint_one_cm":2307,"minecraft:play_time":1662,"minecraft:time_since_death":1662,"minecraft:walk_one_cm":2908,"minecraft:sneak_time":75,"minecraft:total_world_time":1662,"minecraft:fall_one_cm":1730,"minecraft:fly_one_cm":6494}},"DataVersion":3465}